n_units,prod_code,region,sale_date,sale_month,sale_week,sale_year,percent_profit
307,Bike,East,2018-11-12,2018-11-01,2018-11-11,2018-11-01,57
212,Bus,South,2012-11-19,2012-11-01,2012-11-18,2012-11-01,39
303,Bike,South,2016-11-04,2016-11-01,2016-10-30,2016-11-01,59
37,Bike,West,2013-01-07,2013-01-01,2013-01-06,2013-01-01,55
43,Bus,North,2013-05-08,2013-05-01,2013-05-05,2013-05-01,50
427,Bike,East,2015-04-16,2015-04-01,2015-04-12,2015-04-01,42
281,Bus,South,2014-07-13,2014-07-01,2014-07-13,2014-07-01,52
252,Bike,South,2017-09-11,2017-09-01,2017-09-10,2017-09-01,63
402,Car,East,2020-06-01,2020-06-01,2020-05-31,2020-06-01,65
234,Car,South,2019-02-17,2019-02-01,2019-02-17,2019-02-01,56
199,Bus,West,2016-03-07,2016-03-01,2016-03-06,2016-03-01,59
283,Car,North,2018-03-12,2018-03-01,2018-03-11,2018-03-01,41
226,Bus,East,2017-08-13,2017-08-01,2017-08-13,2017-08-01,57
180,Car,South,2012-01-05,2012-01-01,2012-01-01,2012-01-01,41
212,Bus,East,2013-02-04,2013-02-01,2013-02-03,2013-02-01,49
327,Bike,North,2013-10-26,2013-10-01,2013-10-20,2013-10-01,48
353,Bike,North,2015-05-19,2015-05-01,2015-05-17,2015-05-01,53
295,Bike,West,2013-10-29,2013-10-01,2013-10-27,2013-10-01,50
163,Bike,West,2016-11-10,2016-11-01,2016-11-06,2016-11-01,57
319,Bus,East,2012-10-30,2012-10-01,2012-10-28,2012-10-01,52
254,Bus,South,2017-05-08,2017-05-01,2017-05-07,2017-05-01,44
264,Bus,North,2017-05-15,2017-05-01,2017-05-14,2017-05-01,58
236,Car,West,2018-09-03,2018-09-01,2018-09-02,2018-09-01,40
156,Bike,South,2018-04-21,2018-04-01,2018-04-15,2018-04-01,51
232,Car,North,2012-08-15,2012-08-01,2012-08-12,2012-08-01,52
101,Car,East,2018-12-14,2018-12-01,2018-12-09,2018-12-01,40
117,Car,South,2017-12-22,2017-12-01,2017-12-17,2017-12-01,54
270,Bus,East,2013-08-12,2013-08-01,2013-08-11,2013-08-01,46
93,Bike,North,2012-12-29,2012-12-01,2012-12-23,2012-12-01,61
281,Bus,West,2014-09-12,2014-09-01,2014-09-07,2014-09-01,57
253,Bus,North,2020-03-02,2020-03-01,2020-03-01,2020-03-01,39
337,Car,South,2014-01-15,2014-01-01,2014-01-12,2014-01-01,61
36,Bus,North,2014-12-05,2014-12-01,2014-11-30,2014-12-01,45
323,Car,West,2018-11-06,2018-11-01,2018-11-04,2018-11-01,44
158,Car,South,2016-10-08,2016-10-01,2016-10-02,2016-10-01,47
184,Car,West,2019-10-16,2019-10-01,2019-10-13,2019-10-01,47
133,Car,East,2018-07-28,2018-07-01,2018-07-22,2018-07-01,60
200,Bike,East,2013-01-25,2013-01-01,2013-01-20,2013-01-01,32
304,Car,South,2014-11-03,2014-11-01,2014-11-02,2014-11-01,44
31,Car,North,2018-07-11,2018-07-01,2018-07-08,2018-07-01,48
163,Bus,North,2018-10-20,2018-10-01,2018-10-14,2018-10-01,48
382,Car,North,2019-09-20,2019-09-01,2019-09-15,2019-09-01,50
333,Bike,West,2012-02-25,2012-02-01,2012-02-19,2012-02-01,50
195,Bus,South,2015-07-29,2015-07-01,2015-07-26,2015-07-01,41
374,Car,East,2019-12-17,2019-12-01,2019-12-15,2019-12-01,66
312,Bike,South,2017-10-07,2017-10-01,2017-10-01,2017-10-01,49
390,Car,North,2020-11-29,2020-11-01,2020-11-29,2020-11-01,54
252,Bus,West,2012-06-10,2012-06-01,2012-06-10,2012-06-01,46
264,Bike,East,2016-06-27,2016-06-01,2016-06-26,2016-06-01,52
357,Car,South,2020-07-15,2020-07-01,2020-07-12,2020-07-01,42
196,Bus,North,2019-10-26,2019-10-01,2019-10-20,2019-10-01,63
468,Bike,North,2020-05-19,2020-05-01,2020-05-17,2020-05-01,59
369,Bike,South,2012-02-15,2012-02-01,2012-02-12,2012-02-01,49
156,Bike,South,2015-02-11,2015-02-01,2015-02-08,2015-02-01,34
241,Car,West,2017-07-14,2017-07-01,2017-07-09,2017-07-01,44
421,Bus,West,2016-02-05,2016-02-01,2016-01-31,2016-02-01,58
433,Car,East,2013-08-28,2013-08-01,2013-08-25,2013-08-01,47
44,Bike,North,2016-09-13,2016-09-01,2016-09-11,2016-09-01,54
279,Bike,South,2014-05-08,2014-05-01,2014-05-04,2014-05-01,58
218,Car,East,2016-10-30,2016-10-01,2016-10-30,2016-10-01,47
121,Bus,South,2017-12-05,2017-12-01,2017-12-03,2017-12-01,52
276,Car,West,2014-02-11,2014-02-01,2014-02-09,2014-02-01,49
257,Bike,West,2012-04-21,2012-04-01,2012-04-15,2012-04-01,56
58,Bus,North,2012-04-15,2012-04-01,2012-04-15,2012-04-01,48
244,Car,North,2017-01-02,2017-01-01,2017-01-01,2017-01-01,56
163,Bus,East,2013-03-16,2013-03-01,2013-03-10,2013-03-01,50
216,Car,West,2018-10-13,2018-10-01,2018-10-07,2018-10-01,47
380,Car,East,2015-08-30,2015-08-01,2015-08-30,2015-08-01,48
297,Bike,West,2013-03-30,2013-03-01,2013-03-24,2013-03-01,41
267,Bike,North,2014-11-07,2014-11-01,2014-11-02,2014-11-01,48
160,Car,West,2013-10-10,2013-10-01,2013-10-06,2013-10-01,54
335,Bus,West,2012-07-15,2012-07-01,2012-07-15,2012-07-01,42
257,Bike,West,2019-11-10,2019-11-01,2019-11-10,2019-11-01,41
193,Bus,East,2012-01-13,2012-01-01,2012-01-08,2012-01-01,45
241,Car,North,2017-01-06,2017-01-01,2017-01-01,2017-01-01,48
375,Bus,West,2019-10-22,2019-10-01,2019-10-20,2019-10-01,48
412,Car,West,2015-07-22,2015-07-01,2015-07-19,2015-07-01,45
219,Car,North,2014-01-24,2014-01-01,2014-01-19,2014-01-01,53
340,Bike,South,2017-06-14,2017-06-01,2017-06-11,2017-06-01,55
111,Bike,West,2018-11-14,2018-11-01,2018-11-11,2018-11-01,46
266,Car,West,2015-04-17,2015-04-01,2015-04-12,2015-04-01,57
331,Bike,South,2018-12-24,2018-12-01,2018-12-23,2018-12-01,52
411,Bike,North,2012-12-19,2012-12-01,2012-12-16,2012-12-01,69
315,Car,North,2017-01-22,2017-01-01,2017-01-22,2017-01-01,51
69,Bike,North,2015-05-12,2015-05-01,2015-05-10,2015-05-01,42
107,Car,West,2013-01-13,2013-01-01,2013-01-13,2013-01-01,52
433,Car,East,2019-05-23,2019-05-01,2019-05-19,2019-05-01,60
520,Bus,South,2015-11-15,2015-11-01,2015-11-15,2015-11-01,54
264,Bike,East,2019-10-17,2019-10-01,2019-10-13,2019-10-01,59
256,Bike,South,2017-10-15,2017-10-01,2017-10-15,2017-10-01,37
205,Car,East,2017-01-03,2017-01-01,2017-01-01,2017-01-01,54
455,Bike,West,2018-01-03,2018-01-01,2017-12-31,2018-01-01,59
206,Bike,South,2020-12-24,2020-12-01,2020-12-20,2020-12-01,45
367,Car,North,2015-09-05,2015-09-01,2015-08-30,2015-09-01,60
346,Car,South,2019-02-16,2019-02-01,2019-02-10,2019-02-01,55
443,Bus,North,2012-09-08,2012-09-01,2012-09-02,2012-09-01,48
288,Bus,East,2015-04-07,2015-04-01,2015-04-05,2015-04-01,50
202,Bus,North,2012-08-01,2012-08-01,2012-07-29,2012-08-01,44
9,Car,South,2019-07-22,2019-07-01,2019-07-21,2019-07-01,64
327,Bus,North,2020-10-03,2020-10-01,2020-09-27,2020-10-01,48
260,Bike,South,2015-12-17,2015-12-01,2015-12-13,2015-12-01,49
341,Car,East,2019-03-27,2019-03-01,2019-03-24,2019-03-01,59
482,Bus,North,2019-07-28,2019-07-01,2019-07-28,2019-07-01,46
150,Bike,South,2019-03-18,2019-03-01,2019-03-17,2019-03-01,59
184,Bus,South,2020-10-30,2020-10-01,2020-10-25,2020-10-01,54
147,Bus,East,2017-06-11,2017-06-01,2017-06-11,2017-06-01,68
149,Car,East,2019-12-27,2019-12-01,2019-12-22,2019-12-01,43
213,Car,East,2013-06-25,2013-06-01,2013-06-23,2013-06-01,40
289,Bike,North,2015-09-26,2015-09-01,2015-09-20,2015-09-01,47
303,Car,West,2017-02-19,2017-02-01,2017-02-19,2017-02-01,46
270,Bus,South,2016-07-17,2016-07-01,2016-07-17,2016-07-01,40
217,Car,East,2015-04-01,2015-04-01,2015-03-29,2015-04-01,44
180,Bike,East,2020-08-15,2020-08-01,2020-08-09,2020-08-01,65
260,Bike,North,2019-09-08,2019-09-01,2019-09-08,2019-09-01,52
89,Bike,East,2016-07-28,2016-07-01,2016-07-24,2016-07-01,52
124,Bike,East,2015-07-21,2015-07-01,2015-07-19,2015-07-01,43
418,Bike,East,2020-05-12,2020-05-01,2020-05-10,2020-05-01,54
192,Bike,South,2018-12-19,2018-12-01,2018-12-16,2018-12-01,44
312,Bike,North,2012-03-25,2012-03-01,2012-03-25,2012-03-01,42
36,Bike,East,2015-04-14,2015-04-01,2015-04-12,2015-04-01,44
133,Car,North,2020-11-13,2020-11-01,2020-11-08,2020-11-01,46
282,Bike,East,2017-01-31,2017-01-01,2017-01-29,2017-01-01,47
333,Car,North,2015-08-07,2015-08-01,2015-08-02,2015-08-01,50
155,Car,West,2018-06-10,2018-06-01,2018-06-10,2018-06-01,39
274,Bus,North,2015-12-03,2015-12-01,2015-11-29,2015-12-01,48
273,Car,South,2019-05-22,2019-05-01,2019-05-19,2019-05-01,58
287,Bus,South,2016-11-05,2016-11-01,2016-10-30,2016-11-01,60
171,Bus,West,2018-09-20,2018-09-01,2018-09-16,2018-09-01,53
297,Car,East,2015-01-10,2015-01-01,2015-01-04,2015-01-01,37
162,Bike,North,2019-09-07,2019-09-01,2019-09-01,2019-09-01,49
249,Car,East,2019-03-15,2019-03-01,2019-03-10,2019-03-01,43
248,Car,West,2015-02-02,2015-02-01,2015-02-01,2015-02-01,51
196,Bus,South,2016-07-09,2016-07-01,2016-07-03,2016-07-01,50
125,Bike,West,2015-08-13,2015-08-01,2015-08-09,2015-08-01,54
223,Car,West,2012-09-24,2012-09-01,2012-09-23,2012-09-01,55
209,Bus,North,2019-04-22,2019-04-01,2019-04-21,2019-04-01,34
349,Bus,East,2015-12-27,2015-12-01,2015-12-27,2015-12-01,59
261,Bus,North,2016-05-31,2016-05-01,2016-05-29,2016-05-01,52
255,Car,North,2018-06-05,2018-06-01,2018-06-03,2018-06-01,48
300,Bus,South,2017-12-30,2017-12-01,2017-12-24,2017-12-01,40
470,Bike,North,2017-02-26,2017-02-01,2017-02-26,2017-02-01,44
149,Bike,North,2012-04-01,2012-04-01,2012-04-01,2012-04-01,57
253,Bike,East,2017-01-20,2017-01-01,2017-01-15,2017-01-01,42
99,Bus,East,2013-07-29,2013-07-01,2013-07-28,2013-07-01,62
244,Car,East,2015-06-27,2015-06-01,2015-06-21,2015-06-01,43
479,Bus,East,2012-04-22,2012-04-01,2012-04-22,2012-04-01,45
355,Bus,South,2014-10-13,2014-10-01,2014-10-12,2014-10-01,51
109,Car,South,2017-08-11,2017-08-01,2017-08-06,2017-08-01,56
241,Bike,West,2019-02-08,2019-02-01,2019-02-03,2019-02-01,52
156,Car,South,2013-07-08,2013-07-01,2013-07-07,2013-07-01,47
248,Car,North,2017-08-02,2017-08-01,2017-07-30,2017-08-01,42
264,Bus,South,2015-05-06,2015-05-01,2015-05-03,2015-05-01,58
246,Bike,South,2013-07-23,2013-07-01,2013-07-21,2013-07-01,47
89,Bus,North,2014-11-19,2014-11-01,2014-11-16,2014-11-01,51
185,Bike,East,2013-02-14,2013-02-01,2013-02-10,2013-02-01,55
318,Car,South,2020-12-20,2020-12-01,2020-12-20,2020-12-01,37
213,Bus,South,2019-11-13,2019-11-01,2019-11-10,2019-11-01,49
356,Bike,West,2014-01-07,2014-01-01,2014-01-05,2014-01-01,52
225,Car,West,2016-09-28,2016-09-01,2016-09-25,2016-09-01,48
161,Bike,South,2019-08-12,2019-08-01,2019-08-11,2019-08-01,47
236,Bus,North,2014-12-09,2014-12-01,2014-12-07,2014-12-01,54
378,Bike,West,2018-05-05,2018-05-01,2018-04-29,2018-05-01,42
204,Bus,West,2015-09-29,2015-09-01,2015-09-27,2015-09-01,45
179,Bike,South,2012-11-12,2012-11-01,2012-11-11,2012-11-01,45
228,Bus,West,2012-05-16,2012-05-01,2012-05-13,2012-05-01,52
211,Car,North,2015-02-04,2015-02-01,2015-02-01,2015-02-01,56
184,Bus,East,2014-04-06,2014-04-01,2014-04-06,2014-04-01,46
64,Car,East,2015-03-01,2015-03-01,2015-03-01,2015-03-01,47
336,Bike,North,2019-05-19,2019-05-01,2019-05-19,2019-05-01,51
366,Car,West,2014-04-03,2014-04-01,2014-03-30,2014-04-01,55
294,Car,South,2018-05-10,2018-05-01,2018-05-06,2018-05-01,48
282,Bus,North,2017-04-18,2017-04-01,2017-04-16,2017-04-01,49
220,Car,South,2015-12-26,2015-12-01,2015-12-20,2015-12-01,48
260,Car,West,2014-03-28,2014-03-01,2014-03-23,2014-03-01,47
379,Car,South,2020-08-05,2020-08-01,2020-08-02,2020-08-01,57
379,Car,West,2020-04-30,2020-04-01,2020-04-26,2020-04-01,63
77,Car,South,2014-05-26,2014-05-01,2014-05-25,2014-05-01,49
45,Car,South,2014-07-04,2014-07-01,2014-06-29,2014-07-01,38
371,Car,West,2019-06-14,2019-06-01,2019-06-09,2019-06-01,43
297,Bike,West,2016-06-23,2016-06-01,2016-06-19,2016-06-01,49
265,Bus,North,2017-12-20,2017-12-01,2017-12-17,2017-12-01,66
197,Bike,West,2019-10-31,2019-10-01,2019-10-27,2019-10-01,53
148,Car,North,2015-07-20,2015-07-01,2015-07-19,2015-07-01,45
291,Bus,North,2012-01-10,2012-01-01,2012-01-08,2012-01-01,33
364,Bus,South,2014-07-01,2014-07-01,2014-06-29,2014-07-01,57
172,Car,South,2016-01-05,2016-01-01,2016-01-03,2016-01-01,47
423,Bike,East,2019-05-15,2019-05-01,2019-05-12,2019-05-01,56
142,Bike,East,2017-05-05,2017-05-01,2017-04-30,2017-05-01,57
370,Car,West,2016-10-18,2016-10-01,2016-10-16,2016-10-01,58
107,Bike,South,2013-12-09,2013-12-01,2013-12-08,2013-12-01,43
177,Bus,North,2019-02-10,2019-02-01,2019-02-10,2019-02-01,63
341,Car,North,2013-08-17,2013-08-01,2013-08-11,2013-08-01,44
185,Bus,West,2018-11-18,2018-11-01,2018-11-18,2018-11-01,42
275,Bus,North,2016-02-22,2016-02-01,2016-02-21,2016-02-01,54
72,Bike,South,2018-04-24,2018-04-01,2018-04-22,2018-04-01,61
353,Bus,West,2018-09-01,2018-09-01,2018-08-26,2018-09-01,46
153,Bus,North,2019-02-22,2019-02-01,2019-02-17,2019-02-01,45
355,Car,East,2017-03-05,2017-03-01,2017-03-05,2017-03-01,63
178,Bike,West,2019-12-20,2019-12-01,2019-12-15,2019-12-01,45
286,Bike,East,2018-03-23,2018-03-01,2018-03-18,2018-03-01,51
17,Car,West,2012-04-04,2012-04-01,2012-04-01,2012-04-01,53
429,Bus,West,2018-03-06,2018-03-01,2018-03-04,2018-03-01,50
139,Car,West,2018-03-17,2018-03-01,2018-03-11,2018-03-01,41
139,Bike,North,2013-02-21,2013-02-01,2013-02-17,2013-02-01,47
162,Bike,West,2013-08-04,2013-08-01,2013-08-04,2013-08-01,53
260,Bike,South,2018-01-05,2018-01-01,2017-12-31,2018-01-01,53
324,Car,North,2012-04-06,2012-04-01,2012-04-01,2012-04-01,39
266,Car,West,2020-11-20,2020-11-01,2020-11-15,2020-11-01,48
164,Bus,North,2019-04-04,2019-04-01,2019-03-31,2019-04-01,48
394,Bike,South,2015-02-12,2015-02-01,2015-02-08,2015-02-01,47
422,Car,East,2019-05-14,2019-05-01,2019-05-12,2019-05-01,44
193,Bus,South,2018-01-14,2018-01-01,2018-01-14,2018-01-01,51
46,Car,West,2015-02-22,2015-02-01,2015-02-22,2015-02-01,45
282,Bike,North,2018-04-09,2018-04-01,2018-04-08,2018-04-01,49
214,Car,West,2019-11-12,2019-11-01,2019-11-10,2019-11-01,49
397,Bike,West,2015-03-13,2015-03-01,2015-03-08,2015-03-01,38
94,Car,East,2019-04-08,2019-04-01,2019-04-07,2019-04-01,40
113,Bike,South,2016-06-25,2016-06-01,2016-06-19,2016-06-01,50
58,Bus,South,2014-05-03,2014-05-01,2014-04-27,2014-05-01,51
108,Bus,South,2012-02-03,2012-02-01,2012-01-29,2012-02-01,47
175,Bus,West,2019-10-09,2019-10-01,2019-10-06,2019-10-01,45
189,Car,East,2018-01-28,2018-01-01,2018-01-28,2018-01-01,46
353,Bus,North,2019-01-06,2019-01-01,2019-01-06,2019-01-01,54
258,Bike,West,2020-02-06,2020-02-01,2020-02-02,2020-02-01,49
176,Bike,South,2019-12-08,2019-12-01,2019-12-08,2019-12-01,50
297,Bus,North,2012-09-04,2012-09-01,2012-09-02,2012-09-01,45
154,Car,South,2020-05-22,2020-05-01,2020-05-17,2020-05-01,55
298,Bike,South,2018-05-27,2018-05-01,2018-05-27,2018-05-01,58
339,Bus,West,2016-05-11,2016-05-01,2016-05-08,2016-05-01,50
279,Bike,West,2019-11-02,2019-11-01,2019-10-27,2019-11-01,54
224,Bike,South,2014-11-26,2014-11-01,2014-11-23,2014-11-01,63
381,Car,West,2016-03-14,2016-03-01,2016-03-13,2016-03-01,40
218,Bike,North,2017-01-05,2017-01-01,2017-01-01,2017-01-01,51
372,Bike,North,2016-01-21,2016-01-01,2016-01-17,2016-01-01,44
123,Bike,South,2016-03-25,2016-03-01,2016-03-20,2016-03-01,39
316,Car,North,2018-12-02,2018-12-01,2018-12-02,2018-12-01,52
265,Bike,North,2019-07-11,2019-07-01,2019-07-07,2019-07-01,62
69,Bus,East,2015-01-08,2015-01-01,2015-01-04,2015-01-01,42
223,Car,South,2015-09-03,2015-09-01,2015-08-30,2015-09-01,41
252,Bike,South,2016-08-24,2016-08-01,2016-08-21,2016-08-01,46
318,Car,East,2018-03-31,2018-03-01,2018-03-25,2018-03-01,42
374,Bike,North,2013-10-21,2013-10-01,2013-10-20,2013-10-01,46
359,Bus,North,2018-08-16,2018-08-01,2018-08-12,2018-08-01,55
240,Bike,North,2017-11-06,2017-11-01,2017-11-05,2017-11-01,56
276,Bus,South,2016-03-18,2016-03-01,2016-03-13,2016-03-01,45
351,Bike,West,2018-09-27,2018-09-01,2018-09-23,2018-09-01,48
236,Bike,West,2012-09-09,2012-09-01,2012-09-09,2012-09-01,50
413,Car,South,2012-04-20,2012-04-01,2012-04-15,2012-04-01,69
69,Car,East,2017-06-10,2017-06-01,2017-06-04,2017-06-01,44
267,Bus,East,2015-11-27,2015-11-01,2015-11-22,2015-11-01,57
242,Bus,South,2020-10-22,2020-10-01,2020-10-18,2020-10-01,71
81,Bus,South,2016-03-09,2016-03-01,2016-03-06,2016-03-01,43
212,Bike,North,2014-07-19,2014-07-01,2014-07-13,2014-07-01,44
268,Bike,West,2015-12-12,2015-12-01,2015-12-06,2015-12-01,52
204,Car,South,2014-07-31,2014-07-01,2014-07-27,2014-07-01,59
383,Bike,West,2019-02-21,2019-02-01,2019-02-17,2019-02-01,45
261,Bike,North,2018-07-15,2018-07-01,2018-07-15,2018-07-01,37
267,Bike,East,2014-07-29,2014-07-01,2014-07-27,2014-07-01,49
303,Car,West,2015-07-26,2015-07-01,2015-07-26,2015-07-01,48
237,Bus,East,2014-01-13,2014-01-01,2014-01-12,2014-01-01,60
404,Car,East,2016-05-02,2016-05-01,2016-05-01,2016-05-01,69
324,Car,South,2018-12-13,2018-12-01,2018-12-09,2018-12-01,53
281,Car,East,2020-02-16,2020-02-01,2020-02-16,2020-02-01,57
420,Bus,West,2012-06-12,2012-06-01,2012-06-10,2012-06-01,52
269,Bike,North,2017-09-02,2017-09-01,2017-08-27,2017-09-01,55
129,Bus,West,2019-10-01,2019-10-01,2019-09-29,2019-10-01,60
46,Car,South,2016-01-24,2016-01-01,2016-01-24,2016-01-01,52
274,Bike,East,2012-02-17,2012-02-01,2012-02-12,2012-02-01,53
46,Bus,West,2014-12-07,2014-12-01,2014-12-07,2014-12-01,52
284,Bike,East,2013-09-14,2013-09-01,2013-09-08,2013-09-01,40
348,Car,North,2017-08-29,2017-08-01,2017-08-27,2017-08-01,51
186,Car,West,2020-07-21,2020-07-01,2020-07-19,2020-07-01,56
357,Bike,South,2014-10-17,2014-10-01,2014-10-12,2014-10-01,38
114,Bike,East,2020-08-08,2020-08-01,2020-08-02,2020-08-01,58
149,Bike,North,2020-11-24,2020-11-01,2020-11-22,2020-11-01,53
467,Bus,North,2018-01-25,2018-01-01,2018-01-21,2018-01-01,62
235,Bike,West,2017-10-03,2017-10-01,2017-10-01,2017-10-01,49
334,Car,South,2019-12-29,2019-12-01,2019-12-29,2019-12-01,46
260,Bus,North,2020-11-01,2020-11-01,2020-11-01,2020-11-01,55
34,Bus,East,2013-01-15,2013-01-01,2013-01-13,2013-01-01,62
339,Bus,South,2013-02-23,2013-02-01,2013-02-17,2013-02-01,43
382,Car,North,2016-08-26,2016-08-01,2016-08-21,2016-08-01,48
244,Car,East,2020-08-19,2020-08-01,2020-08-16,2020-08-01,40
335,Car,North,2017-05-18,2017-05-01,2017-05-14,2017-05-01,62
70,Car,South,2020-03-08,2020-03-01,2020-03-08,2020-03-01,51
223,Bike,North,2013-08-02,2013-08-01,2013-07-28,2013-08-01,44
61,Bus,West,2018-05-17,2018-05-01,2018-05-13,2018-05-01,38
226,Car,East,2018-12-11,2018-12-01,2018-12-09,2018-12-01,41
208,Bus,East,2012-07-04,2012-07-01,2012-07-01,2012-07-01,69
223,Car,West,2019-03-28,2019-03-01,2019-03-24,2019-03-01,64
191,Bus,North,2016-03-16,2016-03-01,2016-03-13,2016-03-01,47
371,Car,North,2015-08-03,2015-08-01,2015-08-02,2015-08-01,53
243,Bus,East,2014-02-09,2014-02-01,2014-02-09,2014-02-01,49
288,Bus,North,2015-07-07,2015-07-01,2015-07-05,2015-07-01,36
222,Bike,West,2018-02-15,2018-02-01,2018-02-11,2018-02-01,41
248,Bike,East,2018-11-21,2018-11-01,2018-11-18,2018-11-01,45
49,Bike,North,2020-05-03,2020-05-01,2020-05-03,2020-05-01,54
205,Bus,East,2012-06-28,2012-06-01,2012-06-24,2012-06-01,55
301,Bike,East,2018-12-07,2018-12-01,2018-12-02,2018-12-01,41
258,Car,West,2012-10-02,2012-10-01,2012-09-30,2012-10-01,56
316,Car,South,2012-10-20,2012-10-01,2012-10-14,2012-10-01,45
85,Bike,North,2019-10-02,2019-10-01,2019-09-29,2019-10-01,62
410,Bus,South,2013-02-02,2013-02-01,2013-01-27,2013-02-01,38
293,Bus,South,2015-10-05,2015-10-01,2015-10-04,2015-10-01,62
162,Bus,East,2017-09-19,2017-09-01,2017-09-17,2017-09-01,51
212,Bike,East,2013-05-01,2013-05-01,2013-04-28,2013-05-01,52
207,Bike,East,2012-05-24,2012-05-01,2012-05-20,2012-05-01,45
282,Bus,South,2012-07-01,2012-07-01,2012-07-01,2012-07-01,59
304,Bus,North,2020-04-11,2020-04-01,2020-04-05,2020-04-01,52
353,Car,North,2019-12-28,2019-12-01,2019-12-22,2019-12-01,50
353,Bike,North,2016-01-10,2016-01-01,2016-01-10,2016-01-01,49
249,Car,West,2019-04-25,2019-04-01,2019-04-21,2019-04-01,54
251,Car,West,2013-12-02,2013-12-01,2013-12-01,2013-12-01,44
405,Car,South,2012-12-01,2012-12-01,2012-11-25,2012-12-01,55
274,Bus,East,2012-03-23,2012-03-01,2012-03-18,2012-03-01,41
341,Bike,West,2017-04-08,2017-04-01,2017-04-02,2017-04-01,41
266,Car,East,2012-05-29,2012-05-01,2012-05-27,2012-05-01,50
179,Car,East,2012-11-11,2012-11-01,2012-11-11,2012-11-01,55
204,Car,South,2014-11-08,2014-11-01,2014-11-02,2014-11-01,34
230,Car,South,2014-04-05,2014-04-01,2014-03-30,2014-04-01,46
446,Bike,East,2019-05-25,2019-05-01,2019-05-19,2019-05-01,45
300,Bus,South,2016-04-10,2016-04-01,2016-04-10,2016-04-01,52
167,Car,North,2013-10-22,2013-10-01,2013-10-20,2013-10-01,46
444,Car,South,2012-08-11,2012-08-01,2012-08-05,2012-08-01,47
302,Car,West,2012-10-07,2012-10-01,2012-10-07,2012-10-01,58
269,Bike,East,2018-06-04,2018-06-01,2018-06-03,2018-06-01,45
349,Car,North,2018-04-08,2018-04-01,2018-04-08,2018-04-01,53
102,Car,West,2017-10-05,2017-10-01,2017-10-01,2017-10-01,62
258,Car,East,2014-03-01,2014-03-01,2014-02-23,2014-03-01,44
199,Bike,West,2017-05-25,2017-05-01,2017-05-21,2017-05-01,43
290,Bus,North,2016-05-18,2016-05-01,2016-05-15,2016-05-01,56
211,Bike,West,2018-10-28,2018-10-01,2018-10-28,2018-10-01,51
112,Bus,East,2019-10-28,2019-10-01,2019-10-27,2019-10-01,56
173,Car,South,2017-03-29,2017-03-01,2017-03-26,2017-03-01,55
260,Bike,North,2017-12-14,2017-12-01,2017-12-10,2017-12-01,63
311,Bus,South,2016-03-12,2016-03-01,2016-03-06,2016-03-01,57
193,Bus,West,2020-05-02,2020-05-01,2020-04-26,2020-05-01,48
20,Bike,West,2017-07-26,2017-07-01,2017-07-23,2017-07-01,54
175,Bus,North,2017-05-17,2017-05-01,2017-05-14,2017-05-01,48
110,Bike,West,2020-06-08,2020-06-01,2020-06-07,2020-06-01,44
294,Bus,West,2012-04-05,2012-04-01,2012-04-01,2012-04-01,53
368,Car,East,2016-12-02,2016-12-01,2016-11-27,2016-12-01,59
342,Bike,West,2017-03-22,2017-03-01,2017-03-19,2017-03-01,58
355,Bus,West,2012-04-14,2012-04-01,2012-04-08,2012-04-01,55
223,Bike,North,2013-05-23,2013-05-01,2013-05-19,2013-05-01,53
144,Bus,South,2014-04-22,2014-04-01,2014-04-20,2014-04-01,48
242,Bike,South,2016-02-17,2016-02-01,2016-02-14,2016-02-01,54
497,Bus,East,2013-05-25,2013-05-01,2013-05-19,2013-05-01,50
64,Bus,South,2015-06-14,2015-06-01,2015-06-14,2015-06-01,51
65,Bus,West,2019-03-25,2019-03-01,2019-03-24,2019-03-01,47
145,Bike,North,2013-10-17,2013-10-01,2013-10-13,2013-10-01,45
304,Bus,East,2020-04-17,2020-04-01,2020-04-12,2020-04-01,52
227,Bus,South,2012-01-04,2012-01-01,2012-01-01,2012-01-01,52
166,Bus,East,2016-07-19,2016-07-01,2016-07-17,2016-07-01,55
107,Bus,North,2018-07-29,2018-07-01,2018-07-29,2018-07-01,58
216,Bike,South,2015-03-17,2015-03-01,2015-03-15,2015-03-01,47
298,Car,South,2016-12-31,2016-12-01,2016-12-25,2016-12-01,54
269,Bike,East,2018-08-19,2018-08-01,2018-08-19,2018-08-01,55
271,Car,South,2016-02-29,2016-02-01,2016-02-28,2016-02-01,53
372,Bike,West,2013-05-21,2013-05-01,2013-05-19,2013-05-01,59
253,Car,East,2017-09-13,2017-09-01,2017-09-10,2017-09-01,45
114,Bus,East,2015-08-02,2015-08-01,2015-08-02,2015-08-01,59
269,Car,West,2012-11-21,2012-11-01,2012-11-18,2012-11-01,42
151,Bike,East,2019-09-18,2019-09-01,2019-09-15,2019-09-01,51
254,Car,West,2018-06-25,2018-06-01,2018-06-24,2018-06-01,48
211,Car,East,2013-03-18,2013-03-01,2013-03-17,2013-03-01,46
100,Bike,East,2020-05-14,2020-05-01,2020-05-10,2020-05-01,52
197,Bike,North,2012-10-13,2012-10-01,2012-10-07,2012-10-01,47
209,Car,South,2014-03-19,2014-03-01,2014-03-16,2014-03-01,55
262,Bike,East,2017-04-24,2017-04-01,2017-04-23,2017-04-01,49
382,Car,West,2016-05-17,2016-05-01,2016-05-15,2016-05-01,50
257,Car,South,2016-06-09,2016-06-01,2016-06-05,2016-06-01,55
86,Car,North,2015-10-30,2015-10-01,2015-10-25,2015-10-01,44
216,Bus,East,2012-05-20,2012-05-01,2012-05-20,2012-05-01,71
362,Bike,East,2012-08-21,2012-08-01,2012-08-19,2012-08-01,63
100,Bus,East,2012-05-15,2012-05-01,2012-05-13,2012-05-01,51
306,Bus,West,2012-11-10,2012-11-01,2012-11-04,2012-11-01,45
130,Bike,South,2017-03-17,2017-03-01,2017-03-12,2017-03-01,50
208,Bus,West,2020-12-16,2020-12-01,2020-12-13,2020-12-01,50
207,Car,South,2013-02-08,2013-02-01,2013-02-03,2013-02-01,47
203,Bike,North,2019-07-23,2019-07-01,2019-07-21,2019-07-01,46
153,Bus,North,2012-05-25,2012-05-01,2012-05-20,2012-05-01,39
80,Bike,East,2020-08-14,2020-08-01,2020-08-09,2020-08-01,55
228,Bus,West,2012-09-02,2012-09-01,2012-09-02,2012-09-01,56
400,Bus,East,2013-12-21,2013-12-01,2013-12-15,2013-12-01,46
281,Car,East,2015-09-12,2015-09-01,2015-09-06,2015-09-01,52
369,Bike,East,2012-01-02,2012-01-01,2012-01-01,2012-01-01,51
298,Bike,North,2020-04-14,2020-04-01,2020-04-12,2020-04-01,62
57,Bus,East,2012-06-03,2012-06-01,2012-06-03,2012-06-01,49
158,Bike,South,2013-05-10,2013-05-01,2013-05-05,2013-05-01,54
286,Bus,South,2017-06-18,2017-06-01,2017-06-18,2017-06-01,50
223,Car,East,2013-06-06,2013-06-01,2013-06-02,2013-06-01,64
247,Bus,West,2018-01-27,2018-01-01,2018-01-21,2018-01-01,49
461,Bus,West,2020-10-02,2020-10-01,2020-09-27,2020-10-01,52
203,Bike,East,2012-11-26,2012-11-01,2012-11-25,2012-11-01,42
240,Bike,North,2012-04-02,2012-04-01,2012-04-01,2012-04-01,43
184,Car,East,2014-04-15,2014-04-01,2014-04-13,2014-04-01,48
287,Bus,West,2020-12-04,2020-12-01,2020-11-29,2020-12-01,50
199,Bike,South,2014-07-24,2014-07-01,2014-07-20,2014-07-01,27
330,Bike,East,2020-11-12,2020-11-01,2020-11-08,2020-11-01,64
134,Bike,West,2014-12-06,2014-12-01,2014-11-30,2014-12-01,42
306,Car,South,2018-06-22,2018-06-01,2018-06-17,2018-06-01,54
159,Bike,North,2013-12-19,2013-12-01,2013-12-15,2013-12-01,50
395,Bus,North,2013-07-09,2013-07-01,2013-07-07,2013-07-01,49
180,Bus,North,2017-09-27,2017-09-01,2017-09-24,2017-09-01,54
3,Bike,South,2015-03-03,2015-03-01,2015-03-01,2015-03-01,56
401,Bus,West,2018-05-25,2018-05-01,2018-05-20,2018-05-01,42
301,Bus,South,2014-04-14,2014-04-01,2014-04-13,2014-04-01,39
222,Bus,North,2017-05-12,2017-05-01,2017-05-07,2017-05-01,42
430,Bike,East,2020-02-24,2020-02-01,2020-02-23,2020-02-01,50
258,Bike,East,2018-12-30,2018-12-01,2018-12-30,2018-12-01,59
224,Bus,West,2019-05-03,2019-05-01,2019-04-28,2019-05-01,57
241,Bus,East,2017-11-15,2017-11-01,2017-11-12,2017-11-01,48
202,Car,East,2016-04-07,2016-04-01,2016-04-03,2016-04-01,41
396,Car,West,2019-03-03,2019-03-01,2019-03-03,2019-03-01,46
258,Car,South,2013-02-20,2013-02-01,2013-02-17,2013-02-01,62
176,Car,West,2018-05-21,2018-05-01,2018-05-20,2018-05-01,48
231,Bus,West,2015-01-26,2015-01-01,2015-01-25,2015-01-01,61
274,Bike,East,2014-10-05,2014-10-01,2014-10-05,2014-10-01,57
238,Car,East,2015-04-28,2015-04-01,2015-04-26,2015-04-01,44
230,Bike,North,2014-05-02,2014-05-01,2014-04-27,2014-05-01,39
266,Bike,West,2016-03-11,2016-03-01,2016-03-06,2016-03-01,59
241,Bike,East,2019-01-28,2019-01-01,2019-01-27,2019-01-01,44
269,Car,West,2015-05-25,2015-05-01,2015-05-24,2015-05-01,44
231,Car,East,2012-09-15,2012-09-01,2012-09-09,2012-09-01,48
173,Bike,North,2014-11-14,2014-11-01,2014-11-09,2014-11-01,50
194,Car,North,2014-08-19,2014-08-01,2014-08-17,2014-08-01,50
125,Car,North,2012-05-17,2012-05-01,2012-05-13,2012-05-01,53
344,Car,East,2020-01-02,2020-01-01,2019-12-29,2020-01-01,40
188,Bus,East,2012-12-20,2012-12-01,2012-12-16,2012-12-01,58
318,Car,North,2017-09-29,2017-09-01,2017-09-24,2017-09-01,52
306,Bike,East,2015-04-25,2015-04-01,2015-04-19,2015-04-01,51
287,Bike,North,2016-08-04,2016-08-01,2016-07-31,2016-08-01,46
332,Bus,North,2013-05-05,2013-05-01,2013-05-05,2013-05-01,38
190,Car,West,2020-05-21,2020-05-01,2020-05-17,2020-05-01,56
150,Bike,East,2013-11-10,2013-11-01,2013-11-10,2013-11-01,52
229,Car,East,2015-08-22,2015-08-01,2015-08-16,2015-08-01,56
295,Bus,East,2013-12-10,2013-12-01,2013-12-08,2013-12-01,52
66,Bus,North,2014-01-02,2014-01-01,2013-12-29,2014-01-01,47
258,Bus,East,2015-02-13,2015-02-01,2015-02-08,2015-02-01,49
211,Bus,South,2016-04-15,2016-04-01,2016-04-10,2016-04-01,55
207,Bus,West,2015-11-11,2015-11-01,2015-11-08,2015-11-01,56
318,Bus,South,2013-11-14,2013-11-01,2013-11-10,2013-11-01,57
293,Bike,West,2019-01-30,2019-01-01,2019-01-27,2019-01-01,51
223,Car,West,2020-04-10,2020-04-01,2020-04-05,2020-04-01,49
408,Bus,North,2017-02-12,2017-02-01,2017-02-12,2017-02-01,36
246,Car,East,2012-03-14,2012-03-01,2012-03-11,2012-03-01,46
158,Bike,North,2013-11-02,2013-11-01,2013-10-27,2013-11-01,44
359,Bike,East,2017-01-19,2017-01-01,2017-01-15,2017-01-01,56
21,Bike,West,2014-11-24,2014-11-01,2014-11-23,2014-11-01,57
130,Bike,South,2018-01-22,2018-01-01,2018-01-21,2018-01-01,40
427,Bus,West,2017-04-25,2017-04-01,2017-04-23,2017-04-01,55
221,Bus,North,2020-04-19,2020-04-01,2020-04-19,2020-04-01,54
218,Car,South,2012-04-10,2012-04-01,2012-04-08,2012-04-01,47
158,Bus,West,2018-11-25,2018-11-01,2018-11-25,2018-11-01,50
120,Car,East,2017-04-06,2017-04-01,2017-04-02,2017-04-01,33
118,Bus,West,2014-05-31,2014-05-01,2014-05-25,2014-05-01,63
243,Bus,East,2020-02-29,2020-02-01,2020-02-23,2020-02-01,56
391,Car,East,2019-09-25,2019-09-01,2019-09-22,2019-09-01,52
155,Bus,West,2018-03-18,2018-03-01,2018-03-18,2018-03-01,60
286,Bus,South,2015-02-25,2015-02-01,2015-02-22,2015-02-01,51
246,Bus,West,2020-10-12,2020-10-01,2020-10-11,2020-10-01,52
106,Car,West,2014-02-07,2014-02-01,2014-02-02,2014-02-01,47
442,Car,South,2012-08-13,2012-08-01,2012-08-12,2012-08-01,48
261,Bike,East,2017-04-07,2017-04-01,2017-04-02,2017-04-01,57
505,Car,West,2019-06-26,2019-06-01,2019-06-23,2019-06-01,63
146,Car,North,2019-01-14,2019-01-01,2019-01-13,2019-01-01,51
330,Bus,West,2016-02-19,2016-02-01,2016-02-14,2016-02-01,53
229,Bus,East,2016-01-16,2016-01-01,2016-01-10,2016-01-01,50
277,Bike,South,2013-12-08,2013-12-01,2013-12-08,2013-12-01,56
330,Car,North,2013-07-30,2013-07-01,2013-07-28,2013-07-01,54
150,Bike,East,2014-07-18,2014-07-01,2014-07-13,2014-07-01,50
152,Bus,North,2018-05-06,2018-05-01,2018-05-06,2018-05-01,55
125,Car,East,2020-03-22,2020-03-01,2020-03-22,2020-03-01,50
285,Bike,East,2020-10-13,2020-10-01,2020-10-11,2020-10-01,50
293,Bus,East,2014-03-12,2014-03-01,2014-03-09,2014-03-01,45
304,Bike,East,2018-05-26,2018-05-01,2018-05-20,2018-05-01,52
374,Car,West,2013-09-08,2013-09-01,2013-09-08,2013-09-01,62
203,Bus,South,2014-07-26,2014-07-01,2014-07-20,2014-07-01,53
140,Bus,South,2018-10-12,2018-10-01,2018-10-07,2018-10-01,51
165,Car,South,2016-07-29,2016-07-01,2016-07-24,2016-07-01,49
361,Car,East,2012-12-12,2012-12-01,2012-12-09,2012-12-01,44
291,Bike,North,2020-12-28,2020-12-01,2020-12-27,2020-12-01,41
141,Bus,South,2013-09-02,2013-09-01,2013-09-01,2013-09-01,54
183,Bike,South,2012-06-19,2012-06-01,2012-06-17,2012-06-01,62
258,Car,East,2019-08-21,2019-08-01,2019-08-18,2019-08-01,56
99,Bus,East,2012-11-15,2012-11-01,2012-11-11,2012-11-01,60
265,Car,East,2013-10-03,2013-10-01,2013-09-29,2013-10-01,40
228,Bike,South,2018-10-02,2018-10-01,2018-09-30,2018-10-01,53
121,Car,East,2016-04-27,2016-04-01,2016-04-24,2016-04-01,58
297,Car,West,2014-08-09,2014-08-01,2014-08-03,2014-08-01,57
268,Car,North,2020-11-04,2020-11-01,2020-11-01,2020-11-01,58
319,Car,South,2017-10-23,2017-10-01,2017-10-22,2017-10-01,58
467,Bike,East,2017-08-31,2017-08-01,2017-08-27,2017-08-01,48
403,Bus,West,2016-08-08,2016-08-01,2016-08-07,2016-08-01,40
91,Car,East,2013-02-17,2013-02-01,2013-02-17,2013-02-01,45
307,Bus,West,2014-04-30,2014-04-01,2014-04-27,2014-04-01,54
134,Bus,West,2013-09-20,2013-09-01,2013-09-15,2013-09-01,48
142,Car,West,2020-09-18,2020-09-01,2020-09-13,2020-09-01,52
324,Bike,South,2020-10-14,2020-10-01,2020-10-11,2020-10-01,50
118,Bike,South,2019-10-20,2019-10-01,2019-10-20,2019-10-01,46
87,Bike,North,2018-12-31,2018-12-01,2018-12-30,2018-12-01,62
169,Bus,North,2020-10-11,2020-10-01,2020-10-11,2020-10-01,56
224,Car,North,2020-09-04,2020-09-01,2020-08-30,2020-09-01,60
212,Car,West,2019-07-14,2019-07-01,2019-07-14,2019-07-01,54
215,Bus,West,2020-10-16,2020-10-01,2020-10-11,2020-10-01,50
365,Bus,East,2017-04-01,2017-04-01,2017-03-26,2017-04-01,32
330,Bike,North,2012-07-03,2012-07-01,2012-07-01,2012-07-01,69
348,Car,West,2013-03-27,2013-03-01,2013-03-24,2013-03-01,44
230,Bike,West,2018-10-01,2018-10-01,2018-09-30,2018-10-01,53
391,Bus,East,2018-09-11,2018-09-01,2018-09-09,2018-09-01,67
378,Bus,West,2019-07-06,2019-07-01,2019-06-30,2019-07-01,45
190,Bus,East,2013-06-20,2013-06-01,2013-06-16,2013-06-01,50
1,Car,East,2013-03-05,2013-03-01,2013-03-03,2013-03-01,39
267,Car,North,2016-08-06,2016-08-01,2016-07-31,2016-08-01,52
225,Bike,West,2020-07-07,2020-07-01,2020-07-05,2020-07-01,44
297,Bike,North,2014-03-30,2014-03-01,2014-03-30,2014-03-01,49
157,Car,South,2015-07-04,2015-07-01,2015-06-28,2015-07-01,41
233,Car,South,2014-01-17,2014-01-01,2014-01-12,2014-01-01,43
202,Car,South,2019-01-12,2019-01-01,2019-01-06,2019-01-01,48
184,Bike,North,2017-09-14,2017-09-01,2017-09-10,2017-09-01,59
86,Bike,North,2013-04-17,2013-04-01,2013-04-14,2013-04-01,53
219,Car,South,2017-08-10,2017-08-01,2017-08-06,2017-08-01,44
244,Bus,West,2017-02-06,2017-02-01,2017-02-05,2017-02-01,44
137,Bus,West,2013-03-24,2013-03-01,2013-03-24,2013-03-01,47
274,Bus,West,2019-05-06,2019-05-01,2019-05-05,2019-05-01,46
337,Car,East,2013-05-30,2013-05-01,2013-05-26,2013-05-01,53
219,Bike,South,2015-05-09,2015-05-01,2015-05-03,2015-05-01,45
158,Car,West,2018-04-25,2018-04-01,2018-04-22,2018-04-01,39
310,Bus,North,2019-03-29,2019-03-01,2019-03-24,2019-03-01,48
265,Car,West,2014-08-29,2014-08-01,2014-08-24,2014-08-01,46
279,Bus,North,2015-05-17,2015-05-01,2015-05-17,2015-05-01,42
143,Bike,South,2020-03-04,2020-03-01,2020-03-01,2020-03-01,47
360,Car,West,2018-03-28,2018-03-01,2018-03-25,2018-03-01,47
148,Car,East,2015-12-22,2015-12-01,2015-12-20,2015-12-01,53
110,Bus,East,2015-06-03,2015-06-01,2015-05-31,2015-06-01,48
152,Bus,West,2012-03-01,2012-03-01,2012-02-26,2012-03-01,55
304,Bike,South,2019-12-26,2019-12-01,2019-12-22,2019-12-01,54
224,Bus,South,2015-05-23,2015-05-01,2015-05-17,2015-05-01,48
266,Bike,South,2019-07-21,2019-07-01,2019-07-21,2019-07-01,58
239,Bike,West,2019-03-19,2019-03-01,2019-03-17,2019-03-01,56
245,Car,West,2012-02-02,2012-02-01,2012-01-29,2012-02-01,56
230,Car,East,2020-01-24,2020-01-01,2020-01-19,2020-01-01,53
145,Bus,West,2012-02-20,2012-02-01,2012-02-19,2012-02-01,57
204,Car,West,2017-03-11,2017-03-01,2017-03-05,2017-03-01,64
359,Car,South,2018-06-09,2018-06-01,2018-06-03,2018-06-01,55
196,Car,South,2014-09-24,2014-09-01,2014-09-21,2014-09-01,48
174,Bike,South,2019-02-11,2019-02-01,2019-02-10,2019-02-01,49
267,Car,East,2016-01-01,2016-01-01,2015-12-27,2016-01-01,52
294,Bike,West,2019-05-16,2019-05-01,2019-05-12,2019-05-01,46
312,Car,South,2012-01-24,2012-01-01,2012-01-22,2012-01-01,47
142,Bike,East,2020-11-30,2020-11-01,2020-11-29,2020-11-01,39
240,Bike,East,2016-08-20,2016-08-01,2016-08-14,2016-08-01,56
100,Bike,East,2013-08-23,2013-08-01,2013-08-18,2013-08-01,46
172,Car,South,2013-03-31,2013-03-01,2013-03-31,2013-03-01,58
81,Bike,South,2018-01-09,2018-01-01,2018-01-07,2018-01-01,49
388,Car,East,2019-04-09,2019-04-01,2019-04-07,2019-04-01,49
293,Bike,North,2019-11-04,2019-11-01,2019-11-03,2019-11-01,47
260,Bus,North,2013-07-25,2013-07-01,2013-07-21,2013-07-01,37
213,Bike,West,2013-03-23,2013-03-01,2013-03-17,2013-03-01,54
300,Bus,South,2018-04-14,2018-04-01,2018-04-08,2018-04-01,52
70,Car,South,2012-06-08,2012-06-01,2012-06-03,2012-06-01,41
339,Bike,South,2013-06-01,2013-06-01,2013-05-26,2013-06-01,51
268,Bike,East,2012-06-14,2012-06-01,2012-06-10,2012-06-01,61
221,Bike,North,2016-02-08,2016-02-01,2016-02-07,2016-02-01,62
273,Car,North,2012-12-06,2012-12-01,2012-12-02,2012-12-01,48
106,Car,South,2015-06-02,2015-06-01,2015-05-31,2015-06-01,45
234,Bike,West,2016-11-15,2016-11-01,2016-11-13,2016-11-01,39
215,Bus,East,2018-07-25,2018-07-01,2018-07-22,2018-07-01,50
308,Bike,West,2016-10-09,2016-10-01,2016-10-09,2016-10-01,63
378,Car,South,2013-02-03,2013-02-01,2013-02-03,2013-02-01,48
306,Car,East,2013-09-26,2013-09-01,2013-09-22,2013-09-01,46
224,Bus,North,2019-05-04,2019-05-01,2019-04-28,2019-05-01,56
348,Bike,West,2015-01-29,2015-01-01,2015-01-25,2015-01-01,47
335,Bike,West,2017-07-18,2017-07-01,2017-07-16,2017-07-01,44
153,Bike,North,2018-03-08,2018-03-01,2018-03-04,2018-03-01,45
257,Car,West,2013-01-31,2013-01-01,2013-01-27,2013-01-01,54
338,Bike,West,2018-01-20,2018-01-01,2018-01-14,2018-01-01,56
237,Bike,South,2021-01-01,2021-01-01,2020-12-27,2021-01-01,56
330,Bus,West,2020-10-17,2020-10-01,2020-10-11,2020-10-01,42
231,Bike,South,2017-07-30,2017-07-01,2017-07-30,2017-07-01,39
174,Bus,North,2015-03-29,2015-03-01,2015-03-29,2015-03-01,59
238,Bus,South,2019-11-06,2019-11-01,2019-11-03,2019-11-01,55
108,Car,South,2019-08-11,2019-08-01,2019-08-11,2019-08-01,49
193,Car,North,2013-01-16,2013-01-01,2013-01-13,2013-01-01,41
128,Bike,East,2019-04-16,2019-04-01,2019-04-14,2019-04-01,44
290,Car,North,2015-09-23,2015-09-01,2015-09-20,2015-09-01,53
259,Bus,South,2012-07-05,2012-07-01,2012-07-01,2012-07-01,45
389,Bike,East,2014-05-25,2014-05-01,2014-05-25,2014-05-01,54
436,Bus,West,2017-07-12,2017-07-01,2017-07-09,2017-07-01,44
252,Car,East,2019-06-25,2019-06-01,2019-06-23,2019-06-01,69
106,Bike,East,2018-08-12,2018-08-01,2018-08-12,2018-08-01,52
263,Bike,East,2020-01-07,2020-01-01,2020-01-05,2020-01-01,51
224,Bus,North,2012-01-30,2012-01-01,2012-01-29,2012-01-01,42
152,Car,South,2013-01-27,2013-01-01,2013-01-27,2013-01-01,41
161,Bike,East,2017-11-19,2017-11-01,2017-11-19,2017-11-01,56
331,Bike,South,2020-12-06,2020-12-01,2020-12-06,2020-12-01,42
369,Bus,East,2020-08-11,2020-08-01,2020-08-09,2020-08-01,60
458,Car,West,2017-09-25,2017-09-01,2017-09-24,2017-09-01,48
214,Car,West,2018-06-23,2018-06-01,2018-06-17,2018-06-01,42
372,Bus,West,2015-12-19,2015-12-01,2015-12-13,2015-12-01,50
174,Bike,West,2014-03-14,2014-03-01,2014-03-09,2014-03-01,42
279,Bus,East,2014-08-25,2014-08-01,2014-08-24,2014-08-01,46
182,Bus,South,2017-08-19,2017-08-01,2017-08-13,2017-08-01,61
166,Car,North,2020-01-13,2020-01-01,2020-01-12,2020-01-01,32
253,Car,East,2013-11-05,2013-11-01,2013-11-03,2013-11-01,52
102,Bike,West,2013-05-18,2013-05-01,2013-05-12,2013-05-01,66
146,Bus,East,2015-11-20,2015-11-01,2015-11-15,2015-11-01,54
112,Bike,East,2016-09-08,2016-09-01,2016-09-04,2016-09-01,51
202,Bike,North,2016-08-29,2016-08-01,2016-08-28,2016-08-01,53
414,Car,South,2012-07-10,2012-07-01,2012-07-08,2012-07-01,65
258,Bus,West,2014-03-08,2014-03-01,2014-03-02,2014-03-01,44
329,Bike,East,2018-02-06,2018-02-01,2018-02-04,2018-02-01,53
306,Car,West,2012-03-09,2012-03-01,2012-03-04,2012-03-01,46
175,Car,East,2016-12-18,2016-12-01,2016-12-18,2016-12-01,40
349,Bus,West,2020-03-11,2020-03-01,2020-03-08,2020-03-01,49
285,Bike,East,2013-05-06,2013-05-01,2013-05-05,2013-05-01,48
87,Bike,North,2016-03-08,2016-03-01,2016-03-06,2016-03-01,49
251,Bus,West,2015-01-16,2015-01-01,2015-01-11,2015-01-01,41
152,Car,North,2018-07-31,2018-07-01,2018-07-29,2018-07-01,62
250,Bike,East,2015-11-30,2015-11-01,2015-11-29,2015-11-01,49
183,Bike,West,2018-08-07,2018-08-01,2018-08-05,2018-08-01,48
157,Car,North,2014-04-08,2014-04-01,2014-04-06,2014-04-01,53
269,Bike,North,2020-09-24,2020-09-01,2020-09-20,2020-09-01,36
221,Car,West,2016-11-11,2016-11-01,2016-11-06,2016-11-01,46
255,Bus,West,2013-01-09,2013-01-01,2013-01-06,2013-01-01,51
326,Car,East,2016-08-10,2016-08-01,2016-08-07,2016-08-01,47
256,Car,West,2015-10-06,2015-10-01,2015-10-04,2015-10-01,53
197,Car,North,2019-05-30,2019-05-01,2019-05-26,2019-05-01,42
201,Bus,West,2012-09-16,2012-09-01,2012-09-16,2012-09-01,59
170,Car,South,2014-09-14,2014-09-01,2014-09-14,2014-09-01,49
350,Car,North,2020-12-18,2020-12-01,2020-12-13,2020-12-01,46
89,Car,East,2018-09-05,2018-09-01,2018-09-02,2018-09-01,42
307,Bike,North,2015-10-29,2015-10-01,2015-10-25,2015-10-01,57
154,Car,North,2020-01-04,2020-01-01,2019-12-29,2020-01-01,53
259,Bus,West,2013-09-22,2013-09-01,2013-09-22,2013-09-01,48
166,Car,South,2019-06-06,2019-06-01,2019-06-02,2019-06-01,55
244,Car,East,2012-03-17,2012-03-01,2012-03-11,2012-03-01,44
460,Car,West,2012-05-12,2012-05-01,2012-05-06,2012-05-01,43
107,Bus,East,2017-06-08,2017-06-01,2017-06-04,2017-06-01,49
384,Bike,South,2013-07-06,2013-07-01,2013-06-30,2013-07-01,64
267,Bus,West,2014-04-07,2014-04-01,2014-04-06,2014-04-01,52
297,Bike,North,2015-09-09,2015-09-01,2015-09-06,2015-09-01,42
208,Car,West,2016-02-21,2016-02-01,2016-02-21,2016-02-01,52
173,Bike,South,2013-06-03,2013-06-01,2013-06-02,2013-06-01,53
171,Car,South,2020-01-25,2020-01-01,2020-01-19,2020-01-01,48
369,Bus,South,2017-11-11,2017-11-01,2017-11-05,2017-11-01,45
118,Car,West,2013-04-23,2013-04-01,2013-04-21,2013-04-01,62
200,Bus,South,2017-07-28,2017-07-01,2017-07-23,2017-07-01,55
72,Bike,South,2020-11-17,2020-11-01,2020-11-15,2020-11-01,34
295,Bike,West,2014-11-25,2014-11-01,2014-11-23,2014-11-01,52
376,Bus,West,2018-07-20,2018-07-01,2018-07-15,2018-07-01,45
394,Bus,South,2015-09-02,2015-09-01,2015-08-30,2015-09-01,39
263,Bus,West,2014-10-04,2014-10-01,2014-09-28,2014-10-01,46
57,Bus,West,2016-05-04,2016-05-01,2016-05-01,2016-05-01,40
267,Bike,East,2016-12-30,2016-12-01,2016-12-25,2016-12-01,56
317,Car,East,2018-09-06,2018-09-01,2018-09-02,2018-09-01,47
238,Car,West,2013-02-22,2013-02-01,2013-02-17,2013-02-01,57
239,Bus,South,2013-03-09,2013-03-01,2013-03-03,2013-03-01,49
7,Bus,North,2017-08-22,2017-08-01,2017-08-20,2017-08-01,54
354,Bike,South,2014-11-29,2014-11-01,2014-11-23,2014-11-01,46
271,Car,North,2019-08-22,2019-08-01,2019-08-18,2019-08-01,40
256,Bike,North,2019-02-12,2019-02-01,2019-02-10,2019-02-01,53
346,Bus,West,2015-08-09,2015-08-01,2015-08-09,2015-08-01,54
319,Bike,North,2019-02-01,2019-02-01,2019-01-27,2019-02-01,56
202,Bike,West,2013-01-04,2013-01-01,2012-12-30,2013-01-01,67
131,Bus,South,2019-12-22,2019-12-01,2019-12-22,2019-12-01,64
397,Bike,West,2018-10-15,2018-10-01,2018-10-14,2018-10-01,54
262,Bus,East,2018-01-17,2018-01-01,2018-01-14,2018-01-01,63
235,Car,East,2013-05-11,2013-05-01,2013-05-05,2013-05-01,36
288,Bus,East,2012-12-11,2012-12-01,2012-12-09,2012-12-01,54
441,Bus,South,2016-05-23,2016-05-01,2016-05-22,2016-05-01,44
362,Bus,East,2013-07-13,2013-07-01,2013-07-07,2013-07-01,52
193,Bus,West,2012-02-06,2012-02-01,2012-02-05,2012-02-01,55
391,Car,East,2018-02-09,2018-02-01,2018-02-04,2018-02-01,51
313,Car,West,2012-04-13,2012-04-01,2012-04-08,2012-04-01,56
192,Car,North,2019-06-29,2019-06-01,2019-06-23,2019-06-01,40
217,Car,South,2014-09-29,2014-09-01,2014-09-28,2014-09-01,55
253,Bus,East,2012-03-13,2012-03-01,2012-03-11,2012-03-01,52
219,Car,West,2020-07-30,2020-07-01,2020-07-26,2020-07-01,57
400,Car,West,2019-08-27,2019-08-01,2019-08-25,2019-08-01,41
324,Bike,South,2016-01-04,2016-01-01,2016-01-03,2016-01-01,50
144,Bus,North,2015-03-31,2015-03-01,2015-03-29,2015-03-01,59
452,Bus,West,2015-06-09,2015-06-01,2015-06-07,2015-06-01,46
190,Car,South,2015-12-07,2015-12-01,2015-12-06,2015-12-01,58
371,Car,North,2013-05-13,2013-05-01,2013-05-12,2013-05-01,48
183,Bike,East,2017-10-21,2017-10-01,2017-10-15,2017-10-01,56
157,Car,South,2014-12-04,2014-12-01,2014-11-30,2014-12-01,51
322,Car,East,2014-09-05,2014-09-01,2014-08-31,2014-09-01,39
103,Bike,South,2015-02-08,2015-02-01,2015-02-08,2015-02-01,43
527,Bike,East,2016-06-17,2016-06-01,2016-06-12,2016-06-01,38
82,Car,North,2017-04-10,2017-04-01,2017-04-09,2017-04-01,41
393,Bus,East,2014-05-27,2014-05-01,2014-05-25,2014-05-01,44
284,Car,North,2018-11-15,2018-11-01,2018-11-11,2018-11-01,60
506,Car,North,2019-01-17,2019-01-01,2019-01-13,2019-01-01,33
105,Bus,North,2019-01-19,2019-01-01,2019-01-13,2019-01-01,51
293,Bike,North,2020-08-10,2020-08-01,2020-08-09,2020-08-01,56
343,Car,South,2020-08-02,2020-08-01,2020-08-02,2020-08-01,54
211,Bus,South,2015-10-21,2015-10-01,2015-10-18,2015-10-01,41
248,Bus,South,2015-04-23,2015-04-01,2015-04-19,2015-04-01,60
255,Car,South,2019-10-13,2019-10-01,2019-10-13,2019-10-01,43
253,Car,North,2020-01-17,2020-01-01,2020-01-12,2020-01-01,48
166,Car,East,2014-01-26,2014-01-01,2014-01-26,2014-01-01,47
171,Bus,East,2013-03-02,2013-03-01,2013-02-24,2013-03-01,54
251,Bus,South,2017-03-24,2017-03-01,2017-03-19,2017-03-01,51
164,Car,South,2020-01-01,2020-01-01,2019-12-29,2020-01-01,64
214,Bus,East,2016-11-21,2016-11-01,2016-11-20,2016-11-01,46
295,Car,South,2014-11-12,2014-11-01,2014-11-09,2014-11-01,48
324,Bike,West,2020-01-31,2020-01-01,2020-01-26,2020-01-01,58
131,Bike,West,2017-06-17,2017-06-01,2017-06-11,2017-06-01,59
284,Car,North,2017-12-16,2017-12-01,2017-12-10,2017-12-01,61
284,Bike,East,2020-07-17,2020-07-01,2020-07-12,2020-07-01,50
223,Bike,East,2018-05-07,2018-05-01,2018-05-06,2018-05-01,53
224,Car,North,2016-09-05,2016-09-01,2016-09-04,2016-09-01,49
328,Car,West,2016-04-23,2016-04-01,2016-04-17,2016-04-01,46
370,Bus,South,2017-08-21,2017-08-01,2017-08-20,2017-08-01,44
227,Bike,East,2018-08-29,2018-08-01,2018-08-26,2018-08-01,44
290,Bike,West,2012-08-09,2012-08-01,2012-08-05,2012-08-01,55
289,Car,West,2013-11-28,2013-11-01,2013-11-24,2013-11-01,55
297,Bike,East,2017-11-20,2017-11-01,2017-11-19,2017-11-01,41
238,Bike,North,2013-10-24,2013-10-01,2013-10-20,2013-10-01,59
314,Bike,West,2012-10-03,2012-10-01,2012-09-30,2012-10-01,47
168,Bike,West,2019-09-13,2019-09-01,2019-09-08,2019-09-01,63
305,Bike,East,2020-08-20,2020-08-01,2020-08-16,2020-08-01,56
359,Car,East,2012-11-06,2012-11-01,2012-11-04,2012-11-01,43
167,Car,East,2012-06-04,2012-06-01,2012-06-03,2012-06-01,75
188,Bus,South,2020-10-21,2020-10-01,2020-10-18,2020-10-01,60
380,Car,West,2013-09-04,2013-09-01,2013-09-01,2013-09-01,47
211,Bike,East,2018-02-04,2018-02-01,2018-02-04,2018-02-01,43
217,Bus,South,2019-04-29,2019-04-01,2019-04-28,2019-04-01,47
294,Car,South,2015-05-26,2015-05-01,2015-05-24,2015-05-01,36
461,Car,West,2017-04-09,2017-04-01,2017-04-09,2017-04-01,55
477,Bus,North,2018-02-11,2018-02-01,2018-02-11,2018-02-01,55
212,Car,North,2016-04-28,2016-04-01,2016-04-24,2016-04-01,36
394,Bike,South,2012-01-19,2012-01-01,2012-01-15,2012-01-01,46
238,Bike,South,2019-08-25,2019-08-01,2019-08-25,2019-08-01,38
120,Car,West,2012-08-22,2012-08-01,2012-08-19,2012-08-01,45
184,Bike,East,2020-08-28,2020-08-01,2020-08-23,2020-08-01,53
375,Bus,East,2012-05-22,2012-05-01,2012-05-20,2012-05-01,51
238,Car,East,2015-09-28,2015-09-01,2015-09-27,2015-09-01,55
172,Bike,North,2014-12-17,2014-12-01,2014-12-14,2014-12-01,46
102,Car,West,2015-10-14,2015-10-01,2015-10-11,2015-10-01,49
285,Car,North,2014-07-07,2014-07-01,2014-07-06,2014-07-01,39
207,Bike,North,2017-11-29,2017-11-01,2017-11-26,2017-11-01,58
264,Bike,South,2016-07-27,2016-07-01,2016-07-24,2016-07-01,60
303,Bike,East,2017-02-24,2017-02-01,2017-02-19,2017-02-01,55
149,Car,West,2017-03-27,2017-03-01,2017-03-26,2017-03-01,47
199,Bus,East,2015-12-28,2015-12-01,2015-12-27,2015-12-01,50
287,Bus,South,2020-03-20,2020-03-01,2020-03-15,2020-03-01,46
75,Car,South,2016-12-29,2016-12-01,2016-12-25,2016-12-01,51
424,Bike,South,2018-04-23,2018-04-01,2018-04-22,2018-04-01,39
125,Car,South,2020-07-31,2020-07-01,2020-07-26,2020-07-01,64
135,Car,West,2020-11-14,2020-11-01,2020-11-08,2020-11-01,53
143,Bike,North,2019-12-11,2019-12-01,2019-12-08,2019-12-01,48
332,Car,West,2016-07-10,2016-07-01,2016-07-10,2016-07-01,61
161,Bike,South,2015-04-29,2015-04-01,2015-04-26,2015-04-01,54
386,Car,North,2018-02-12,2018-02-01,2018-02-11,2018-02-01,36
189,Bike,West,2019-04-24,2019-04-01,2019-04-21,2019-04-01,61
335,Bus,West,2013-04-08,2013-04-01,2013-04-07,2013-04-01,54
290,Bus,North,2020-12-05,2020-12-01,2020-11-29,2020-12-01,55
548,Bike,West,2020-09-29,2020-09-01,2020-09-27,2020-09-01,57
257,Bike,West,2020-04-27,2020-04-01,2020-04-26,2020-04-01,56
315,Car,North,2012-12-17,2012-12-01,2012-12-16,2012-12-01,54
258,Bike,South,2014-11-30,2014-11-01,2014-11-30,2014-11-01,35
320,Car,North,2019-08-08,2019-08-01,2019-08-04,2019-08-01,40
387,Bus,West,2014-05-10,2014-05-01,2014-05-04,2014-05-01,55
406,Bike,South,2018-08-11,2018-08-01,2018-08-05,2018-08-01,37
237,Bus,West,2019-06-22,2019-06-01,2019-06-16,2019-06-01,66
487,Bike,West,2019-02-24,2019-02-01,2019-02-24,2019-02-01,48
247,Car,South,2020-11-27,2020-11-01,2020-11-22,2020-11-01,44
74,Bus,North,2015-02-28,2015-02-01,2015-02-22,2015-02-01,54
181,Bike,West,2018-01-13,2018-01-01,2018-01-07,2018-01-01,56
211,Bus,North,2016-04-22,2016-04-01,2016-04-17,2016-04-01,59
375,Car,South,2012-03-24,2012-03-01,2012-03-18,2012-03-01,42
499,Car,East,2013-06-21,2013-06-01,2013-06-16,2013-06-01,49
342,Bus,East,2017-07-02,2017-07-01,2017-07-02,2017-07-01,37
162,Bike,South,2019-09-12,2019-09-01,2019-09-08,2019-09-01,46
307,Car,West,2016-07-30,2016-07-01,2016-07-24,2016-07-01,50
391,Bike,West,2020-03-29,2020-03-01,2020-03-29,2020-03-01,53
181,Bike,West,2015-08-14,2015-08-01,2015-08-09,2015-08-01,53
253,Bike,East,2018-11-23,2018-11-01,2018-11-18,2018-11-01,62
270,Bus,South,2013-09-28,2013-09-01,2013-09-22,2013-09-01,48
226,Car,North,2018-08-08,2018-08-01,2018-08-05,2018-08-01,48
148,Car,North,2013-09-13,2013-09-01,2013-09-08,2013-09-01,53
125,Bus,South,2019-10-21,2019-10-01,2019-10-20,2019-10-01,41
165,Car,East,2013-10-20,2013-10-01,2013-10-20,2013-10-01,44
331,Bike,North,2020-05-20,2020-05-01,2020-05-17,2020-05-01,46
460,Bike,East,2015-12-20,2015-12-01,2015-12-20,2015-12-01,42
390,Car,South,2013-10-31,2013-10-01,2013-10-27,2013-10-01,43
206,Car,North,2017-11-17,2017-11-01,2017-11-12,2017-11-01,47
130,Bike,East,2013-11-06,2013-11-01,2013-11-03,2013-11-01,41
192,Car,West,2019-06-12,2019-06-01,2019-06-09,2019-06-01,47
488,Bus,East,2019-01-09,2019-01-01,2019-01-06,2019-01-01,37
239,Bus,East,2012-12-14,2012-12-01,2012-12-09,2012-12-01,50
265,Bus,West,2014-04-11,2014-04-01,2014-04-06,2014-04-01,53
349,Car,South,2012-04-23,2012-04-01,2012-04-22,2012-04-01,50
318,Bike,South,2012-04-18,2012-04-01,2012-04-15,2012-04-01,51
154,Bus,West,2014-09-20,2014-09-01,2014-09-14,2014-09-01,63
120,Car,South,2012-10-05,2012-10-01,2012-09-30,2012-10-01,54
346,Bus,North,2012-11-25,2012-11-01,2012-11-25,2012-11-01,62
481,Car,West,2016-05-28,2016-05-01,2016-05-22,2016-05-01,51
100,Bike,East,2017-11-16,2017-11-01,2017-11-12,2017-11-01,52
40,Car,South,2012-01-09,2012-01-01,2012-01-08,2012-01-01,49
240,Bus,West,2015-09-30,2015-09-01,2015-09-27,2015-09-01,50
90,Car,West,2016-11-07,2016-11-01,2016-11-06,2016-11-01,55
50,Car,East,2016-08-22,2016-08-01,2016-08-21,2016-08-01,52
236,Car,South,2020-02-01,2020-02-01,2020-01-26,2020-02-01,34
201,Bike,East,2018-02-13,2018-02-01,2018-02-11,2018-02-01,59
183,Car,North,2019-07-31,2019-07-01,2019-07-28,2019-07-01,41
244,Bus,South,2019-09-02,2019-09-01,2019-09-01,2019-09-01,65
389,Car,East,2014-08-01,2014-08-01,2014-07-27,2014-08-01,46
338,Bus,North,2013-07-20,2013-07-01,2013-07-14,2013-07-01,52
208,Car,West,2014-12-12,2014-12-01,2014-12-07,2014-12-01,49
279,Car,North,2016-09-07,2016-09-01,2016-09-04,2016-09-01,47
436,Bus,West,2013-09-29,2013-09-01,2013-09-29,2013-09-01,53
369,Bike,West,2019-09-26,2019-09-01,2019-09-22,2019-09-01,54
162,Bus,South,2016-12-05,2016-12-01,2016-12-04,2016-12-01,60
240,Bike,West,2017-06-02,2017-06-01,2017-05-28,2017-06-01,63
177,Bike,West,2017-02-28,2017-02-01,2017-02-26,2017-02-01,66
212,Car,North,2019-03-10,2019-03-01,2019-03-10,2019-03-01,51
296,Car,North,2016-05-24,2016-05-01,2016-05-22,2016-05-01,42
138,Bike,South,2018-05-12,2018-05-01,2018-05-06,2018-05-01,52
260,Bike,West,2014-03-23,2014-03-01,2014-03-23,2014-03-01,49
160,Bike,East,2018-05-28,2018-05-01,2018-05-27,2018-05-01,61
350,Car,West,2013-08-01,2013-08-01,2013-07-28,2013-08-01,36
256,Bike,East,2016-06-02,2016-06-01,2016-05-29,2016-06-01,51
69,Bus,East,2018-03-10,2018-03-01,2018-03-04,2018-03-01,52
198,Bike,North,2014-10-18,2014-10-01,2014-10-12,2014-10-01,47
192,Car,West,2015-09-24,2015-09-01,2015-09-20,2015-09-01,39
170,Car,North,2015-06-08,2015-06-01,2015-06-07,2015-06-01,46
219,Bus,South,2013-12-05,2013-12-01,2013-12-01,2013-12-01,42
340,Bike,West,2019-04-17,2019-04-01,2019-04-14,2019-04-01,43
26,Bus,South,2015-10-10,2015-10-01,2015-10-04,2015-10-01,51
332,Bike,East,2018-02-05,2018-02-01,2018-02-04,2018-02-01,56
132,Bike,South,2019-01-07,2019-01-01,2019-01-06,2019-01-01,48
168,Bike,North,2017-06-07,2017-06-01,2017-06-04,2017-06-01,52
344,Bus,East,2017-01-13,2017-01-01,2017-01-08,2017-01-01,56
174,Bike,West,2019-01-20,2019-01-01,2019-01-20,2019-01-01,54
216,Car,East,2019-10-24,2019-10-01,2019-10-20,2019-10-01,62
287,Bus,South,2019-07-04,2019-07-01,2019-06-30,2019-07-01,61
159,Car,East,2017-08-09,2017-08-01,2017-08-06,2017-08-01,51
378,Bike,East,2015-03-19,2015-03-01,2015-03-15,2015-03-01,49
192,Bike,East,2020-02-23,2020-02-01,2020-02-23,2020-02-01,40
188,Car,North,2019-10-15,2019-10-01,2019-10-13,2019-10-01,37
231,Bike,West,2016-07-13,2016-07-01,2016-07-10,2016-07-01,52
422,Bus,North,2013-04-06,2013-04-01,2013-03-31,2013-04-01,51
317,Bike,West,2016-12-08,2016-12-01,2016-12-04,2016-12-01,47
325,Bus,East,2016-06-29,2016-06-01,2016-06-26,2016-06-01,49
348,Car,North,2015-10-17,2015-10-01,2015-10-11,2015-10-01,45
307,Car,East,2018-11-16,2018-11-01,2018-11-11,2018-11-01,53
225,Bike,South,2012-08-05,2012-08-01,2012-08-05,2012-08-01,46
394,Bike,South,2012-05-01,2012-05-01,2012-04-29,2012-05-01,54
328,Bus,East,2017-11-02,2017-11-01,2017-10-29,2017-11-01,55
50,Car,North,2014-02-24,2014-02-01,2014-02-23,2014-02-01,49
205,Bus,North,2012-06-07,2012-06-01,2012-06-03,2012-06-01,55
298,Bike,West,2013-01-10,2013-01-01,2013-01-06,2013-01-01,38
223,Bus,East,2015-11-22,2015-11-01,2015-11-22,2015-11-01,63
180,Bus,South,2019-04-10,2019-04-01,2019-04-07,2019-04-01,36
481,Car,East,2019-08-31,2019-08-01,2019-08-25,2019-08-01,37
141,Car,South,2019-08-16,2019-08-01,2019-08-11,2019-08-01,50
227,Bus,West,2016-10-15,2016-10-01,2016-10-09,2016-10-01,51
221,Car,West,2012-03-05,2012-03-01,2012-03-04,2012-03-01,43
192,Bike,South,2018-10-23,2018-10-01,2018-10-21,2018-10-01,58
297,Car,East,2014-04-17,2014-04-01,2014-04-13,2014-04-01,47
443,Car,West,2020-06-16,2020-06-01,2020-06-14,2020-06-01,49
209,Bike,North,2019-02-28,2019-02-01,2019-02-24,2019-02-01,55
164,Bus,East,2012-09-21,2012-09-01,2012-09-16,2012-09-01,54
204,Bike,South,2012-03-31,2012-03-01,2012-03-25,2012-03-01,41
249,Bus,East,2015-10-31,2015-10-01,2015-10-25,2015-10-01,51
271,Bus,West,2016-11-26,2016-11-01,2016-11-20,2016-11-01,43
312,Bus,North,2012-01-21,2012-01-01,2012-01-15,2012-01-01,57
291,Bus,North,2016-05-07,2016-05-01,2016-05-01,2016-05-01,44
118,Bus,North,2016-04-13,2016-04-01,2016-04-10,2016-04-01,39
301,Car,East,2013-04-04,2013-04-01,2013-03-31,2013-04-01,42
160,Bike,East,2016-10-03,2016-10-01,2016-10-02,2016-10-01,57
203,Car,West,2013-11-04,2013-11-01,2013-11-03,2013-11-01,57
426,Bus,North,2015-07-05,2015-07-01,2015-07-05,2015-07-01,59
277,Car,West,2015-06-06,2015-06-01,2015-05-31,2015-06-01,38
208,Bike,North,2018-11-03,2018-11-01,2018-10-28,2018-11-01,42
315,Bus,West,2015-03-28,2015-03-01,2015-03-22,2015-03-01,49
264,Car,East,2016-02-01,2016-02-01,2016-01-31,2016-02-01,48
108,Car,East,2017-12-25,2017-12-01,2017-12-24,2017-12-01,56
304,Car,West,2016-03-24,2016-03-01,2016-03-20,2016-03-01,44
373,Bus,West,2014-05-12,2014-05-01,2014-05-11,2014-05-01,56
123,Bus,North,2015-07-11,2015-07-01,2015-07-05,2015-07-01,58
213,Car,South,2019-10-06,2019-10-01,2019-10-06,2019-10-01,49
256,Bike,West,2017-04-15,2017-04-01,2017-04-09,2017-04-01,49
434,Bike,East,2017-04-26,2017-04-01,2017-04-23,2017-04-01,47
88,Bike,West,2012-06-30,2012-06-01,2012-06-24,2012-06-01,44
347,Bike,West,2015-05-21,2015-05-01,2015-05-17,2015-05-01,53
224,Bike,North,2017-12-07,2017-12-01,2017-12-03,2017-12-01,52
314,Car,West,2019-03-13,2019-03-01,2019-03-10,2019-03-01,50
292,Bike,North,2013-06-12,2013-06-01,2013-06-09,2013-06-01,54
195,Bike,North,2015-08-10,2015-08-01,2015-08-09,2015-08-01,52
413,Bike,South,2018-02-24,2018-02-01,2018-02-18,2018-02-01,60
352,Bike,North,2014-05-15,2014-05-01,2014-05-11,2014-05-01,44
181,Car,West,2019-01-24,2019-01-01,2019-01-20,2019-01-01,59
265,Car,West,2016-01-07,2016-01-01,2016-01-03,2016-01-01,54
271,Car,South,2018-10-22,2018-10-01,2018-10-21,2018-10-01,44
238,Bus,East,2016-05-29,2016-05-01,2016-05-29,2016-05-01,57
291,Car,South,2020-04-18,2020-04-01,2020-04-12,2020-04-01,77
173,Bike,West,2013-01-14,2013-01-01,2013-01-13,2013-01-01,59
310,Bus,East,2017-06-26,2017-06-01,2017-06-25,2017-06-01,41
493,Bus,East,2012-10-18,2012-10-01,2012-10-14,2012-10-01,41
104,Bus,South,2012-06-09,2012-06-01,2012-06-03,2012-06-01,51
114,Bus,West,2012-01-03,2012-01-01,2012-01-01,2012-01-01,49
235,Bus,North,2016-06-20,2016-06-01,2016-06-19,2016-06-01,48
217,Bus,East,2015-03-22,2015-03-01,2015-03-22,2015-03-01,41
177,Bus,South,2016-11-22,2016-11-01,2016-11-20,2016-11-01,36
207,Bike,North,2020-02-21,2020-02-01,2020-02-16,2020-02-01,49
392,Bike,South,2016-10-21,2016-10-01,2016-10-16,2016-10-01,57
231,Car,North,2015-04-10,2015-04-01,2015-04-05,2015-04-01,56
421,Car,West,2017-07-16,2017-07-01,2017-07-16,2017-07-01,45
91,Bus,West,2013-05-14,2013-05-01,2013-05-12,2013-05-01,54
154,Car,South,2018-09-30,2018-09-01,2018-09-30,2018-09-01,59
524,Bike,East,2017-10-11,2017-10-01,2017-10-08,2017-10-01,40
19,Bus,East,2012-09-22,2012-09-01,2012-09-16,2012-09-01,55
197,Bus,East,2018-10-26,2018-10-01,2018-10-21,2018-10-01,45
223,Car,East,2012-09-12,2012-09-01,2012-09-09,2012-09-01,43
256,Bike,West,2015-09-06,2015-09-01,2015-09-06,2015-09-01,61
176,Car,North,2016-06-05,2016-06-01,2016-06-05,2016-06-01,32
281,Bus,North,2014-09-22,2014-09-01,2014-09-21,2014-09-01,42
55,Car,East,2013-12-18,2013-12-01,2013-12-15,2013-12-01,39
65,Bike,East,2012-04-30,2012-04-01,2012-04-29,2012-04-01,57
280,Bike,South,2017-05-19,2017-05-01,2017-05-14,2017-05-01,55
349,Bike,East,2018-09-14,2018-09-01,2018-09-09,2018-09-01,39
227,Car,North,2017-08-18,2017-08-01,2017-08-13,2017-08-01,56
371,Bus,East,2018-06-29,2018-06-01,2018-06-24,2018-06-01,38
165,Bike,West,2020-07-29,2020-07-01,2020-07-26,2020-07-01,73
382,Car,North,2019-03-20,2019-03-01,2019-03-17,2019-03-01,46
170,Bike,East,2016-04-04,2016-04-01,2016-04-03,2016-04-01,56
365,Bike,North,2014-02-17,2014-02-01,2014-02-16,2014-02-01,47
226,Bike,South,2014-08-28,2014-08-01,2014-08-24,2014-08-01,65
354,Car,South,2018-10-27,2018-10-01,2018-10-21,2018-10-01,45
115,Bike,West,2019-07-05,2019-07-01,2019-06-30,2019-07-01,37
205,Bus,East,2015-12-02,2015-12-01,2015-11-29,2015-12-01,42
248,Bus,North,2012-06-26,2012-06-01,2012-06-24,2012-06-01,67
371,Bus,East,2012-09-25,2012-09-01,2012-09-23,2012-09-01,46
279,Car,West,2017-07-11,2017-07-01,2017-07-09,2017-07-01,42
544,Bus,North,2020-05-25,2020-05-01,2020-05-24,2020-05-01,52
337,Bike,East,2013-07-15,2013-07-01,2013-07-14,2013-07-01,48
63,Bus,East,2020-06-12,2020-06-01,2020-06-07,2020-06-01,53
362,Bike,East,2018-05-24,2018-05-01,2018-05-20,2018-05-01,51
235,Bus,West,2012-08-26,2012-08-01,2012-08-26,2012-08-01,57
146,Bike,West,2012-08-27,2012-08-01,2012-08-26,2012-08-01,45
138,Bus,East,2018-03-15,2018-03-01,2018-03-11,2018-03-01,46
201,Bus,East,2014-05-05,2014-05-01,2014-05-04,2014-05-01,53
151,Car,North,2018-11-19,2018-11-01,2018-11-18,2018-11-01,47
125,Bike,North,2012-05-21,2012-05-01,2012-05-20,2012-05-01,53
365,Car,East,2020-03-09,2020-03-01,2020-03-08,2020-03-01,53
359,Bike,East,2016-02-26,2016-02-01,2016-02-21,2016-02-01,58
312,Bike,East,2014-12-28,2014-12-01,2014-12-28,2014-12-01,51
402,Car,East,2012-04-27,2012-04-01,2012-04-22,2012-04-01,61
188,Bus,East,2019-06-24,2019-06-01,2019-06-23,2019-06-01,50
442,Bus,West,2017-06-20,2017-06-01,2017-06-18,2017-06-01,46
399,Car,East,2017-10-22,2017-10-01,2017-10-22,2017-10-01,43
287,Bus,South,2013-06-07,2013-06-01,2013-06-02,2013-06-01,58
333,Car,South,2019-11-09,2019-11-01,2019-11-03,2019-11-01,55
434,Bus,South,2020-07-23,2020-07-01,2020-07-19,2020-07-01,51
100,Bike,South,2017-08-30,2017-08-01,2017-08-27,2017-08-01,49
385,Bus,North,2012-12-04,2012-12-01,2012-12-02,2012-12-01,56
85,Bus,North,2016-02-06,2016-02-01,2016-01-31,2016-02-01,41
349,Bus,North,2017-03-04,2017-03-01,2017-02-26,2017-03-01,49
191,Bus,West,2020-10-20,2020-10-01,2020-10-18,2020-10-01,40
225,Bike,North,2014-12-24,2014-12-01,2014-12-21,2014-12-01,45
180,Bus,West,2018-07-04,2018-07-01,2018-07-01,2018-07-01,54
194,Bus,North,2017-08-23,2017-08-01,2017-08-20,2017-08-01,47
146,Bus,West,2016-05-14,2016-05-01,2016-05-08,2016-05-01,54
182,Bike,South,2019-07-30,2019-07-01,2019-07-28,2019-07-01,57
129,Bike,West,2019-04-12,2019-04-01,2019-04-07,2019-04-01,42
444,Bike,East,2019-07-08,2019-07-01,2019-07-07,2019-07-01,40
500,Bus,East,2014-05-24,2014-05-01,2014-05-18,2014-05-01,54
214,Bus,West,2018-03-16,2018-03-01,2018-03-11,2018-03-01,59
128,Bike,South,2012-04-07,2012-04-01,2012-04-01,2012-04-01,50
197,Bike,South,2013-02-18,2013-02-01,2013-02-17,2013-02-01,59
409,Bus,West,2017-06-04,2017-06-01,2017-06-04,2017-06-01,45
263,Car,South,2015-12-30,2015-12-01,2015-12-27,2015-12-01,57
346,Bus,East,2012-11-02,2012-11-01,2012-10-28,2012-11-01,38
272,Car,East,2018-05-29,2018-05-01,2018-05-27,2018-05-01,55
218,Bus,East,2016-01-11,2016-01-01,2016-01-10,2016-01-01,46
167,Car,North,2014-10-16,2014-10-01,2014-10-12,2014-10-01,51
314,Bike,South,2013-08-06,2013-08-01,2013-08-04,2013-08-01,51
245,Bus,South,2018-11-28,2018-11-01,2018-11-25,2018-11-01,56
242,Bus,South,2019-07-01,2019-07-01,2019-06-30,2019-07-01,40
424,Bike,North,2020-11-02,2020-11-01,2020-11-01,2020-11-01,41
178,Car,North,2018-09-12,2018-09-01,2018-09-09,2018-09-01,55
299,Car,East,2014-05-11,2014-05-01,2014-05-11,2014-05-01,50
207,Bike,West,2013-09-27,2013-09-01,2013-09-22,2013-09-01,35
435,Car,North,2015-05-15,2015-05-01,2015-05-10,2015-05-01,46
256,Bus,North,2014-02-19,2014-02-01,2014-02-16,2014-02-01,53
207,Bus,North,2019-10-08,2019-10-01,2019-10-06,2019-10-01,44
247,Bike,North,2019-12-04,2019-12-01,2019-12-01,2019-12-01,52
270,Car,West,2016-03-22,2016-03-01,2016-03-20,2016-03-01,51
234,Bus,East,2017-02-09,2017-02-01,2017-02-05,2017-02-01,43
246,Bus,North,2015-12-04,2015-12-01,2015-11-29,2015-12-01,53
260,Bike,East,2020-09-23,2020-09-01,2020-09-20,2020-09-01,45
142,Bus,North,2013-06-13,2013-06-01,2013-06-09,2013-06-01,52
235,Bike,West,2017-03-21,2017-03-01,2017-03-19,2017-03-01,53
378,Bike,West,2017-09-12,2017-09-01,2017-09-10,2017-09-01,56
199,Car,East,2014-06-08,2014-06-01,2014-06-08,2014-06-01,47
